{
	"start":	{
		"connected":	[{
				"socket":	7,
				"local_host":	"10.0.0.1",
				"local_port":	42984,
				"remote_host":	"10.0.0.2",
				"remote_port":	5201
			}],
		"version":	"iperf 3.7",
		"system_info":	"Linux tin-Extensa-215-51 5.13.0-27-generic #29~20.04.1-Ubuntu SMP Fri Jan 14 00:32:30 UTC 2022 x86_64",
		"timestamp":	{
			"time":	"Thu, 03 Mar 2022 10:10:21 GMT",
			"timesecs":	1646302221
		},
		"connecting_to":	{
			"host":	"10.0.0.2",
			"port":	5201
		},
		"cookie":	"w5fldqy2q7azscglhgu3szcwm55pt7ce6usz",
		"sock_bufsize":	0,
		"sndbuf_actual":	212992,
		"rcvbuf_actual":	212992,
		"test_start":	{
			"protocol":	"UDP",
			"num_streams":	1,
			"blksize":	1448,
			"omit":	0,
			"duration":	20,
			"bytes":	0,
			"blocks":	0,
			"reverse":	0,
			"tos":	0
		}
	},
	"intervals":	[{
			"streams":	[{
					"socket":	7,
					"start":	0,
					"end":	1.000182,
					"seconds":	1.000182032585144,
					"bytes":	125976,
					"bits_per_second":	1007624.5794929402,
					"packets":	87,
					"omitted":	false,
					"sender":	true
				}],
			"sum":	{
				"start":	0,
				"end":	1.000182,
				"seconds":	1.000182032585144,
				"bytes":	125976,
				"bits_per_second":	1007624.5794929402,
				"packets":	87,
				"omitted":	false,
				"sender":	true
			}
		}, {
			"streams":	[{
					"socket":	7,
					"start":	1.000182,
					"end":	2.00029,
					"seconds":	1.000108003616333,
					"bytes":	124528,
					"bits_per_second":	996116.41582480224,
					"packets":	86,
					"omitted":	false,
					"sender":	true
				}],
			"sum":	{
				"start":	1.000182,
				"end":	2.00029,
				"seconds":	1.000108003616333,
				"bytes":	124528,
				"bits_per_second":	996116.41582480224,
				"packets":	86,
				"omitted":	false,
				"sender":	true
			}
		}, {
			"streams":	[{
					"socket":	7,
					"start":	2.00029,
					"end":	3.000184,
					"seconds":	0.99989402294158936,
					"bytes":	124528,
					"bits_per_second":	996329.588078952,
					"packets":	86,
					"omitted":	false,
					"sender":	true
				}],
			"sum":	{
				"start":	2.00029,
				"end":	3.000184,
				"seconds":	0.99989402294158936,
				"bytes":	124528,
				"bits_per_second":	996329.588078952,
				"packets":	86,
				"omitted":	false,
				"sender":	true
			}
		}, {
			"streams":	[{
					"socket":	7,
					"start":	3.000184,
					"end":	4.000176,
					"seconds":	0.9999920129776001,
					"bytes":	125976,
					"bits_per_second":	1007816.049449362,
					"packets":	87,
					"omitted":	false,
					"sender":	true
				}],
			"sum":	{
				"start":	3.000184,
				"end":	4.000176,
				"seconds":	0.9999920129776001,
				"bytes":	125976,
				"bits_per_second":	1007816.049449362,
				"packets":	87,
				"omitted":	false,
				"sender":	true
			}
		}, {
			"streams":	[{
					"socket":	7,
					"start":	4.000176,
					"end":	5.000095,
					"seconds":	0.99991899728775024,
					"bytes":	124528,
					"bits_per_second":	996304.70338320127,
					"packets":	86,
					"omitted":	false,
					"sender":	true
				}],
			"sum":	{
				"start":	4.000176,
				"end":	5.000095,
				"seconds":	0.99991899728775024,
				"bytes":	124528,
				"bits_per_second":	996304.70338320127,
				"packets":	86,
				"omitted":	false,
				"sender":	true
			}
		}, {
			"streams":	[{
					"socket":	7,
					"start":	5.000095,
					"end":	6.000116,
					"seconds":	1.0000209808349609,
					"bytes":	124528,
					"bits_per_second":	996203.09882719594,
					"packets":	86,
					"omitted":	false,
					"sender":	true
				}],
			"sum":	{
				"start":	5.000095,
				"end":	6.000116,
				"seconds":	1.0000209808349609,
				"bytes":	124528,
				"bits_per_second":	996203.09882719594,
				"packets":	86,
				"omitted":	false,
				"sender":	true
			}
		}, {
			"streams":	[{
					"socket":	7,
					"start":	6.000116,
					"end":	7.000144,
					"seconds":	1.0000280141830444,
					"bytes":	125976,
					"bits_per_second":	1007779.7678731143,
					"packets":	87,
					"omitted":	false,
					"sender":	true
				}],
			"sum":	{
				"start":	6.000116,
				"end":	7.000144,
				"seconds":	1.0000280141830444,
				"bytes":	125976,
				"bits_per_second":	1007779.7678731143,
				"packets":	87,
				"omitted":	false,
				"sender":	true
			}
		}, {
			"streams":	[{
					"socket":	7,
					"start":	7.000144,
					"end":	8.000282,
					"seconds":	1.0001380443572998,
					"bytes":	124528,
					"bits_per_second":	996086.49587986129,
					"packets":	86,
					"omitted":	false,
					"sender":	true
				}],
			"sum":	{
				"start":	7.000144,
				"end":	8.000282,
				"seconds":	1.0001380443572998,
				"bytes":	124528,
				"bits_per_second":	996086.49587986129,
				"packets":	86,
				"omitted":	false,
				"sender":	true
			}
		}, {
			"streams":	[{
					"socket":	7,
					"start":	8.000282,
					"end":	9.000169,
					"seconds":	0.99988698959350586,
					"bytes":	124528,
					"bits_per_second":	996336.59640376456,
					"packets":	86,
					"omitted":	false,
					"sender":	true
				}],
			"sum":	{
				"start":	8.000282,
				"end":	9.000169,
				"seconds":	0.99988698959350586,
				"bytes":	124528,
				"bits_per_second":	996336.59640376456,
				"packets":	86,
				"omitted":	false,
				"sender":	true
			}
		}, {
			"streams":	[{
					"socket":	7,
					"start":	9.000169,
					"end":	10.000242,
					"seconds":	1.0000729560852051,
					"bytes":	125976,
					"bits_per_second":	1007734.4796374395,
					"packets":	87,
					"omitted":	false,
					"sender":	true
				}],
			"sum":	{
				"start":	9.000169,
				"end":	10.000242,
				"seconds":	1.0000729560852051,
				"bytes":	125976,
				"bits_per_second":	1007734.4796374395,
				"packets":	87,
				"omitted":	false,
				"sender":	true
			}
		}, {
			"streams":	[{
					"socket":	7,
					"start":	10.000242,
					"end":	11.000167,
					"seconds":	0.99992501735687256,
					"bytes":	124528,
					"bits_per_second":	996298.70511025365,
					"packets":	86,
					"omitted":	false,
					"sender":	true
				}],
			"sum":	{
				"start":	10.000242,
				"end":	11.000167,
				"seconds":	0.99992501735687256,
				"bytes":	124528,
				"bits_per_second":	996298.70511025365,
				"packets":	86,
				"omitted":	false,
				"sender":	true
			}
		}, {
			"streams":	[{
					"socket":	7,
					"start":	11.000167,
					"end":	12.00018,
					"seconds":	1.000012993812561,
					"bytes":	124528,
					"bits_per_second":	996211.05542027461,
					"packets":	86,
					"omitted":	false,
					"sender":	true
				}],
			"sum":	{
				"start":	11.000167,
				"end":	12.00018,
				"seconds":	1.000012993812561,
				"bytes":	124528,
				"bits_per_second":	996211.05542027461,
				"packets":	86,
				"omitted":	false,
				"sender":	true
			}
		}, {
			"streams":	[{
					"socket":	7,
					"start":	12.00018,
					"end":	13.000178,
					"seconds":	0.99999797344207764,
					"bytes":	125976,
					"bits_per_second":	1007810.0423854257,
					"packets":	87,
					"omitted":	false,
					"sender":	true
				}],
			"sum":	{
				"start":	12.00018,
				"end":	13.000178,
				"seconds":	0.99999797344207764,
				"bytes":	125976,
				"bits_per_second":	1007810.0423854257,
				"packets":	87,
				"omitted":	false,
				"sender":	true
			}
		}, {
			"streams":	[{
					"socket":	7,
					"start":	13.000178,
					"end":	14.00018,
					"seconds":	1.0000020265579224,
					"bytes":	124528,
					"bits_per_second":	996221.98109845177,
					"packets":	86,
					"omitted":	false,
					"sender":	true
				}],
			"sum":	{
				"start":	13.000178,
				"end":	14.00018,
				"seconds":	1.0000020265579224,
				"bytes":	124528,
				"bits_per_second":	996221.98109845177,
				"packets":	86,
				"omitted":	false,
				"sender":	true
			}
		}, {
			"streams":	[{
					"socket":	7,
					"start":	14.00018,
					"end":	15.000289,
					"seconds":	1.0001089572906494,
					"bytes":	124528,
					"bits_per_second":	996115.46595765522,
					"packets":	86,
					"omitted":	false,
					"sender":	true
				}],
			"sum":	{
				"start":	14.00018,
				"end":	15.000289,
				"seconds":	1.0001089572906494,
				"bytes":	124528,
				"bits_per_second":	996115.46595765522,
				"packets":	86,
				"omitted":	false,