{
	"start":	{
		"connected":	[{
				"socket":	7,
				"local_host":	"10.0.0.1",
				"local_port":	44414,
				"remote_host":	"10.0.0.2",
				"remote_port":	5201
			}],
		"version":	"iperf 3.7",
		"system_info":	"Linux tin-Extensa-215-51 5.13.0-27-generic #29~20.04.1-Ubuntu SMP Fri Jan 14 00:32:30 UTC 2022 x86_64",
		"timestamp":	{
			"time":	"Tue, 22 Feb 2022 03:28:34 GMT",
			"timesecs":	1645500514
		},
		"connecting_to":	{
			"host":	"10.0.0.2",
			"port":	5201
		},
		"cookie":	"lzvrezishlll7nevqxlzkz66ftjuuvdh3o72",
		"tcp_mss_default":	1448,
		"sock_bufsize":	0,
		"sndbuf_actual":	87380,
		"rcvbuf_actual":	87380,
		"test_start":	{
			"protocol":	"TCP",
			"num_streams":	1,
			"blksize":	131072,
			"omit":	0,
			"duration":	10,
			"bytes":	0,
			"blocks":	0,
			"reverse":	0,
			"tos":	0
		}
	},
	"intervals":	[{
			"streams":	[{
					"socket":	7,
					"start":	0,
					"end":	1.000617,
					"seconds":	1.0006170272827148,
					"bytes":	79640,
					"bits_per_second":	636727.12199408514,
					"retransmits":	0,
					"snd_cwnd":	14480,
					"rtt":	627226,
					"rttvar":	236114,
					"pmtu":	1500,
					"omitted":	false,
					"sender":	true
				}],
			"sum":	{
				"start":	0,
				"end":	1.000617,
				"seconds":	1.0006170272827148,
				"bytes":	79640,
				"bits_per_second":	636727.12199408514,
				"retransmits":	0,
				"omitted":	false,
				"sender":	true
			}
		}, {
			"streams":	[{
					"socket":	7,
					"start":	1.000617,
					"end":	2.000294,
					"seconds":	0.99967700242996216,
					"bytes":	195480,
					"bits_per_second":	1564345.279724051,
					"retransmits":	0,
					"snd_cwnd":	57920,
					"rtt":	632077,
					"rttvar":	13581,
					"pmtu":	1500,
					"omitted":	false,
					"sender":	true
				}],
			"sum":	{
				"start":	1.000617,
				"end":	2.000294,
				"seconds":	0.99967700242996216,
				"bytes":	195480,
				"bits_per_second":	1564345.279724051,
				"retransmits":	0,
				"omitted":	false,
				"sender":	true
			}
		}, {
			"streams":	[{
					"socket":	7,
					"start":	2.000294,
					"end":	3.000817,
					"seconds":	1.0005229711532593,
					"bytes":	152040,
					"bits_per_second":	1215684.2322150792,
					"retransmits":	0,
					"snd_cwnd":	99912,
					"rtt":	627294,
					"rttvar":	1406,
					"pmtu":	1500,
					"omitted":	false,
					"sender":	true
				}],
			"sum":	{
				"start":	2.000294,
				"end":	3.000817,
				"seconds":	1.0005229711532593,
				"bytes":	152040,
				"bits_per_second":	1215684.2322150792,
				"retransmits":	0,
				"omitted":	false,
				"sender":	true
			}
		}, {
			"streams":	[{
					"socket":	7,
					"start":	3.000817,
					"end":	4.00021,
					"seconds":	0.99939298629760742,
					"bytes":	1339400,
					"bits_per_second":	10721708.223804904,
					"retransmits":	0,
					"snd_cwnd":	399648,
					"rtt":	629007,
					"rttvar":	1611,
					"pmtu":	1500,
					"omitted":	false,
					"sender":	true
				}],
			"sum":	{
				"start":	3.000817,
				"end":	4.00021,
				"seconds":	0.99939298629760742,
				"bytes":	1339400,
				"bits_per_second":	10721708.223804904,
				"retransmits":	0,
				"omitted":	false,
				"sender":	true
			}
		}, {
			"streams":	[{
					"socket":	7,
					"start":	4.00021,
					"end":	5.0001,
					"seconds":	0.9998900294303894,
					"bytes":	6082440,
					"bits_per_second":	48664871.703661278,
					"retransmits":	0,
					"snd_cwnd":	1598592,
					"rtt":	643288,
					"rttvar":	505,
					"pmtu":	1500,
					"omitted":	false,
					"sender":	true
				}],
			"sum":	{
				"start":	4.00021,
				"end":	5.0001,
				"seconds":	0.9998900294303894,
				"bytes":	6082440,
				"bits_per_second":	48664871.703661278,
				"retransmits":	0,
				"omitted":	false,
				"sender":	true
			}
		}, {
			"streams":	[{
					"socket":	7,
					"start":	5.0001,
					"end":	6.000435,
					"seconds":	1.0003349781036377,
					"bytes":	6553600,
					"bits_per_second":	52411243.381082915,
					"retransmits":	0,
					"snd_cwnd":	3197184,
					"rtt":	690250,
					"rttvar":	1440,
					"pmtu":	1500,
					"omitted":	false,
					"sender":	true
				}],
			"sum":	{
				"start":	5.0001,
				"end":	6.000435,
				"seconds":	1.0003349781036377,
				"bytes":	6553600,
				"bits_per_second":	52411243.381082915,
				"retransmits":	0,
				"omitted":	false,
				"sender":	true
			}
		}, {
			"streams":	[{
					"socket":	7,
					"start":	6.000435,
					"end":	7.000092,
					"seconds":	0.99965697526931763,
					"bytes":	6553600,
					"bits_per_second":	52446790.546202265,
					"retransmits":	0,
					"snd_cwnd":	9287472,
					"rtt":	741218,
					"rttvar":	4160,
					"pmtu":	1500,
					"omitted":	false,
					"sender":	true
				}],
			"sum":	{
				"start":	6.000435,
				"end":	7.000092,
				"seconds":	0.99965697526931763,
				"bytes":	6553600,
				"bits_per_second":	52446790.546202265,
				"retransmits":	0,
				"omitted":	false,
				"sender":	true
			}
		}, {
			"streams":	[{
					"socket":	7,
					"start":	7.000092,
					"end":	8.000114,
					"seconds":	1.0000220537185669,
					"bytes":	10485760,
					"bits_per_second":	83884230.040798485,
					"retransmits":	0,
					"snd_cwnd":	10147584,
					"rtt":	790968,
					"rttvar":	189,
					"pmtu":	1500,
					"omitted":	false,
					"sender":	true
				}],
			"sum":	{
				"start":	7.000092,
				"end":	8.000114,
				"seconds":	1.0000220537185669,
				"bytes":	10485760,
				"bits_per_second":	83884230.040798485,
				"retransmits":	0,
				"omitted":	false,
				"sender":	true
			}
		}, {
			"streams":	[{
					"socket":	7,
					"start":	8.000114,
					"end":	9.000077,
					"seconds":	0.99996298551559448,
					"bytes":	11796480,
					"bits_per_second":	94375333.254301012,
					"retransmits":	0,
					"snd_cwnd":	10147584,
					"rtt":	700653,
					"rttvar":	525,
					"pmtu":	1500,
					"omitted":	false,
					"sender":	true
				}],
			"sum":	{
				"start":	8.000114,
				"end":	9.000077,
				"seconds":	0.99996298551559448,
				"bytes":	11796480,
				"bits_per_second":	94375333.254301012,
				"retransmits":	0,
				"omitted":	false,
				"sender":	true
			}
		}, {
			"streams":	[{
					"socket":	7,
					"start":	9.000077,
					"end":	10.000201,
					"seconds":	1.0001239776611328,
					"bytes":	11796480,
					"bits_per_second":	94360141.450358823,
					"retransmits":	0,
					"snd_cwnd":	10147584,
					"rtt":	700842,
					"rttvar":	551,
					"pmtu":	1500,
					"omitted":	false,
					"sender":	true
				}],
			"sum":	{
				"start":	9.000077,
				"end":	10.000201,
				"seconds":	1.0001239776611328,
				"bytes":	11796480,
				"bits_per_second":	94360141.450358823,
				"retransmits":	0,
				"omitted":	false,
				"sender":	true
			}
		}],
	"end":	{
		"streams":	[{
				"sender":	{
					"socket":	7,
					"start":	0,
					"end":	10.000201,
					"seconds":	10.000201,
					"bytes":	55034920,
					"bits_per_second":	44027051.056273766,
					"retransmits":	0,
					"max_snd_cwnd":	10147584,
					"max_rtt":	790968,
					"min_rtt":	627226,
					"mean_rtt":	678282,
					"sender":	true
				},
				"receiver":	{
					"socket":	7,
					"start":	0,
					"end":	10.586667,
					"seconds":	10.000201,
					"bytes":	52458144,
					"bits_per_second":	39640913.613321356,
					"sender":	true
				}
			}],
		"sum_sent":	{
			"start":	0,
			"end":	10.000201,
			"seconds":	10.000201,
			"bytes":	55034920,
			"bits_per_second":	44027051.056273766,
			"retransmits":	0,
			"sender":	true
		},
		"sum_received":	{
			"start":	0,
			"end":	10.586667,
			"seconds":	10.586667,
			"bytes":	52458144,
			"bits_per_second":	39640913.613321356,
			"sender":	true
		},
		"cpu_utilization_percent":	{
			"host_total":	8.2374887803932921,
			"host_user":	1.0309592794355504,
			"host_system":	7.2065136973036044,
			"remote_total":	1.6737374540993217,
			"remote_user":	0.1280801094913086,
			"remote_system":	1.5456366397729839
		},
		"sender_tcp_congestion":	"cubic",
		"receiver_tcp_congestion":	"cubic"
	}
}
