{"[1, 7]": [0.13899204294211448, 0.10119342890803985, 0.6540147553288181, 1.0], "[2, 5]": [0.10165836632460472, 0.2145144108849725, 0.5488986923871917, 0.8577912391479469], "[3, 4]": [0.46770666188679655, 0.33790009792275755, 0.09120454607831614, 0.8000180688835493], "[7, 1]": [0.13899204294211448, 0.10119342890803985, 0.6540147553288181, 1.0], "[5, 2]": [0.10165836632460472, 0.2145144108849725, 0.5488986923871917, 0.8577912391479469], "[4, 3]": [0.46770666188679655, 0.33790009792275755, 0.09120454607831614, 0.8000180688835493]}