{"[1, 2]": 0.9923597270914087, "[1, 3]": 0.9767811583017053, "[2, 4]": 0.9718229624514991, "[2, 5]": 0.01, "[3, 4]": 0.9542937754976772, "[3, 6]": 0.9589959987268996, "[4, 5]": 1.0, "[4, 6]": 0.01, "[5, 7]": 0.9840143165908513, "[6, 7]": 0.9724696658501419}