{"[1, 2]": 0.9952258723481532, "[1, 3]": 0.9945181333715408, "[2, 4]": 1.0, "[2, 5]": 0.9939695584176098, "[3, 4]": 0.9871592889427983, "[3, 6]": 0.9739529757973162, "[4, 5]": 0.9945916218555548, "[4, 6]": 0.9984428592607436, "[5, 7]": 0.997303510449112, "[6, 7]": 0.9921713432601902}